relative_path,profile_index,profile_date,prediction_date,time_difference_days,latitude,longitude,data_mode,depth_metres_prototype,argo_temperature_c,oceanembed_temperature_c
aoml/2903434/profiles/D2903434_007.nc,0,2024-06-08,2024-06-10,2,10.94319,87.60223,D,5.0,29.60300064086914,29.68948596627923
aoml/2903434/profiles/D2903434_007.nc,0,2024-06-08,2024-06-10,2,10.94319,87.60223,D,10.0,29.602548845700138,29.601255002802787
aoml/2903434/profiles/D2903434_007.nc,0,2024-06-08,2024-06-10,2,10.94319,87.60223,D,20.0,29.604039323976515,29.424793166187634
aoml/2903434/profiles/D2903434_007.nc,0,2024-06-08,2024-06-10,2,10.94319,87.60223,D,30.0,29.610020599822747,29.248329599460362
aoml/2903434/profiles/D2903434_007.nc,0,2024-06-08,2024-06-10,2,10.94319,87.60223,D,50.0,29.02899932861328,28.575635988943347
aoml/2903434/profiles/D2903434_007.nc,0,2024-06-08,2024-06-10,2,10.94319,87.60223,D,75.0,23.740999221801758,26.238823718482436
aoml/2903434/profiles/D2903434_007.nc,0,2024-06-08,2024-06-10,2,10.94319,87.60223,D,100.0,19.001824124433714,22.465574606388746
aoml/2903434/profiles/D2903434_007.nc,0,2024-06-08,2024-06-10,2,10.94319,87.60223,D,125.0,17.09299945831299,19.30849319456111
aoml/2903434/profiles/D2903434_007.nc,0,2024-06-08,2024-06-10,2,10.94319,87.60223,D,150.0,16.233999252319336,17.135419098185356
aoml/2903434/profiles/D2903434_007.nc,0,2024-06-08,2024-06-10,2,10.94319,87.60223,D,200.0,14.947999954223633,13.996687581814546
aoml/2903434/profiles/D2903434_007.nc,0,2024-06-08,2024-06-10,2,10.94319,87.60223,D,300.0,12.533372803715341,11.875636902800654
aoml/2903434/profiles/D2903434_007.nc,0,2024-06-08,2024-06-10,2,10.94319,87.60223,D,500.0,10.30863260112897,9.515700178735228
aoml/2903434/profiles/D2903434_007.nc,0,2024-06-08,2024-06-10,2,10.94319,87.60223,D,700.0,8.626239690551301,8.19038140981269
aoml/2903434/profiles/D2903434_007.nc,0,2024-06-08,2024-06-10,2,10.94319,87.60223,D,1000.0,6.788000106811523,6.575620923508677
aoml/2903434/profiles/D2903434_007.nc,1,2024-06-08,2024-06-10,2,10.94319,87.60223,D,5.0,29.60300064086914,29.68948596627923
aoml/2903434/profiles/D2903434_007.nc,1,2024-06-08,2024-06-10,2,10.94319,87.60223,D,10.0,29.60099983215332,29.601255002802787
aoml/2903434/profiles/D2903434_007.nc,1,2024-06-08,2024-06-10,2,10.94319,87.60223,D,20.0,29.60466638671322,29.424793166187634
aoml/2903434/profiles/D2903434_007.nc,1,2024-06-08,2024-06-10,2,10.94319,87.60223,D,30.0,29.608999252319336,29.248329599460362
aoml/2903434/profiles/D2903434_007.nc,1,2024-06-08,2024-06-10,2,10.94319,87.60223,D,50.0,29.027000427246094,28.575635988943347
aoml/2903434/profiles/D2903434_008.nc,0,2024-06-19,2024-06-19,0,11.18108,87.86917,D,5.0,29.815074567376215,29.74121872145244
aoml/2903434/profiles/D2903434_008.nc,0,2024-06-19,2024-06-19,0,11.18108,87.86917,D,10.0,29.815586156198755,29.65310337766428
aoml/2903434/profiles/D2903434_008.nc,0,2024-06-19,2024-06-19,0,11.18108,87.86917,D,20.0,29.82200050354004,29.47687081697406
aoml/2903434/profiles/D2903434_008.nc,0,2024-06-19,2024-06-19,0,11.18108,87.86917,D,30.0,29.81707789847502,29.300639087472582
aoml/2903434/profiles/D2903434_008.nc,0,2024-06-19,2024-06-19,0,11.18108,87.86917,D,50.0,29.82200050354004,28.868127131018017
aoml/2903434/profiles/D2903434_008.nc,0,2024-06-19,2024-06-19,0,11.18108,87.86917,D,75.0,26.352499961853027,27.252501378191493
aoml/2903434/profiles/D2903434_008.nc,0,2024-06-19,2024-06-19,0,11.18108,87.86917,D,100.0,21.67099952697754,23.831893762893017
aoml/2903434/profiles/D2903434_008.nc,0,2024-06-19,2024-06-19,0,11.18108,87.86917,D,125.0,18.01900005340576,20.322481286673106
aoml/2903434/profiles/D2903434_008.nc,0,2024-06-19,2024-06-19,0,11.18108,87.86917,D,150.0,16.118999481201172,17.762908161396435
aoml/2903434/profiles/D2903434_008.nc,0,2024-06-19,2024-06-19,0,11.18108,87.86917,D,200.0,13.737000465393066,14.324106949598889
aoml/2903434/profiles/D2903434_008.nc,0,2024-06-19,2024-06-19,0,11.18108,87.86917,D,300.0,11.899219460756285,12.077228151382872
aoml/2903434/profiles/D2903434_008.nc,0,2024-06-19,2024-06-19,0,11.18108,87.86917,D,500.0,9.980759893645882,9.723427663196777
aoml/2903434/profiles/D2903434_008.nc,0,2024-06-19,2024-06-19,0,11.18108,87.86917,D,700.0,8.628744954520444,8.402250571125695
aoml/2903434/profiles/D2903434_008.nc,0,2024-06-19,2024-06-19,0,11.18108,87.86917,D,1000.0,6.866823721541197,6.792752716426307
aoml/2903434/profiles/D2903434_008.nc,1,2024-06-19,2024-06-19,0,11.18108,87.86917,D,5.0,29.815000534057617,29.74121872145244
aoml/2903434/profiles/D2903434_008.nc,1,2024-06-19,2024-06-19,0,11.18108,87.86917,D,10.0,29.81599998474121,29.65310337766428
aoml/2903434/profiles/D2903434_008.nc,1,2024-06-19,2024-06-19,0,11.18108,87.86917,D,20.0,29.823999404907227,29.47687081697406
aoml/2903434/profiles/D2903434_008.nc,1,2024-06-19,2024-06-19,0,11.18108,87.86917,D,30.0,29.81599998474121,29.300639087472582
aoml/2903434/profiles/D2903434_009.nc,0,2024-06-29,2024-06-29,0,11.79457,87.73091,D,5.0,29.731000900268555,29.654708725895635
aoml/2903434/profiles/D2903434_009.nc,0,2024-06-29,2024-06-29,0,11.79457,87.73091,D,10.0,29.715800091584363,29.56632447489678
aoml/2903434/profiles/D2903434_009.nc,0,2024-06-29,2024-06-29,0,11.79457,87.73091,D,20.0,29.6386399377443,29.389554166233502
aoml/2903434/profiles/D2903434_009.nc,0,2024-06-29,2024-06-29,0,11.79457,87.73091,D,30.0,29.574490940107935,29.212782503657152
aoml/2903434/profiles/D2903434_009.nc,0,2024-06-29,2024-06-29,0,11.79457,87.73091,D,50.0,29.552000045776367,28.831266294867582
aoml/2903434/profiles/D2903434_009.nc,0,2024-06-29,2024-06-29,0,11.79457,87.73091,D,75.0,27.067359436645347,27.359321689231102
aoml/2903434/profiles/D2903434_009.nc,0,2024-06-29,2024-06-29,0,11.79457,87.73091,D,100.0,21.45692172154961,24.526541769607146
aoml/2903434/profiles/D2903434_009.nc,0,2024-06-29,2024-06-29,0,11.79457,87.73091,D,125.0,18.099706074715947,20.919324072247377
aoml/2903434/profiles/D2903434_009.nc,0,2024-06-29,2024-06-29,0,11.79457,87.73091,D,150.0,16.20599937438965,17.979188647793098
aoml/2903434/profiles/D2903434_009.nc,0,2024-06-29,2024-06-29,0,11.79457,87.73091,D,200.0,13.942999839782715,14.238823364535511
aoml/2903434/profiles/D2903434_009.nc,0,2024-06-29,2024-06-29,0,11.79457,87.73091,D,300.0,11.663000106811523,11.771185028601803
aoml/2903434/profiles/D2903434_009.nc,0,2024-06-29,2024-06-29,0,11.79457,87.73091,D,500.0,9.883000373840332,9.40510088451688
aoml/2903434/profiles/D2903434_009.nc,0,2024-06-29,2024-06-29,0,11.79457,87.73091,D,700.0,8.46954951545828,8.079462305967903
aoml/2903434/profiles/D2903434_009.nc,0,2024-06-29,2024-06-29,0,11.79457,87.73091,D,1000.0,6.7779998779296875,6.465156820802453
aoml/2903434/profiles/D2903434_009.nc,1,2024-06-29,2024-06-29,0,11.79457,87.73091,D,5.0,29.731000900268555,29.654708725895635
aoml/2903434/profiles/D2903434_009.nc,1,2024-06-29,2024-06-29,0,11.79457,87.73091,D,10.0,29.711999893188477,29.56632447489678
aoml/2903434/profiles/D2903434_009.nc,1,2024-06-29,2024-06-29,0,11.79457,87.73091,D,20.0,29.641000747680664,29.389554166233502
aoml/2903434/profiles/D2903434_009.nc,1,2024-06-29,2024-06-29,0,11.79457,87.73091,D,30.0,29.57900047302246,29.212782503657152
aoml/2903434/profiles/D2903434_009.nc,1,2024-06-29,2024-06-29,0,11.79457,87.73091,D,50.0,29.55299949645996,28.831266294867582
csio/2902765/profiles/D2902765_159.nc,0,2024-06-07,2024-06-10,3,12.32,86.596,D,5.0,30.17799949645996,29.94346352111816
csio/2902765/profiles/D2902765_159.nc,0,2024-06-07,2024-06-10,3,12.32,86.596,D,10.0,30.179000854492188,29.854702108154296
csio/2902765/profiles/D2902765_159.nc,0,2024-06-07,2024-06-10,3,12.32,86.596,D,20.0,30.181703152214812,29.677177488403316
csio/2902765/profiles/D2902765_159.nc,0,2024-06-07,2024-06-10,3,12.32,86.596,D,30.0,30.089805449313896,29.499654145507808
csio/2902765/profiles/D2902765_159.nc,0,2024-06-07,2024-06-10,3,12.32,86.596,D,50.0,28.043274849814956,28.845828434448237
csio/2902765/profiles/D2902765_159.nc,0,2024-06-07,2024-06-10,3,12.32,86.596,D,75.0,24.079738755979353,27.144878372802737
csio/2902765/profiles/D2902765_159.nc,0,2024-06-07,2024-06-10,3,12.32,86.596,D,100.0,20.057799535624024,23.94108188598633
csio/2902765/profiles/D2902765_159.nc,0,2024-06-07,2024-06-10,3,12.32,86.596,D,125.0,17.726207211063198,20.383604892578127
csio/2902765/profiles/D2902765_159.nc,0,2024-06-07,2024-06-10,3,12.32,86.596,D,150.0,15.907829865951499,17.67417134399414
csio/2902765/profiles/D2902765_159.nc,0,2024-06-07,2024-06-10,3,12.32,86.596,D,200.0,13.589175833188145,14.128108364868165
csio/2902765/profiles/D2902765_159.nc,0,2024-06-07,2024-06-10,3,12.32,86.596,D,300.0,11.652202902092275,11.770840996093748
csio/2902765/profiles/D2902765_159.nc,0,2024-06-07,2024-06-10,3,12.32,86.596,D,500.0,10.050538159479686,9.38318975524902
csio/2902765/profiles/D2902765_159.nc,0,2024-06-07,2024-06-10,3,12.32,86.596,D,700.0,8.623790476731497,8.047245430908202
csio/2902765/profiles/D2902765_159.nc,0,2024-06-07,2024-06-10,3,12.32,86.596,D,1000.0,6.954128629596823,6.420088569335936
csio/2902765/profiles/D2902765_160.nc,0,2024-06-17,2024-06-17,0,11.882,86.44,D,0.0,29.690000534057617,29.90524491699219
csio/2902765/profiles/D2902765_160.nc,0,2024-06-17,2024-06-17,0,11.882,86.44,D,5.0,29.700000762939453,29.81704831481934
csio/2902765/profiles/D2902765_160.nc,0,2024-06-17,2024-06-17,0,11.882,86.44,D,10.0,29.70703519620455,29.728852719726564
csio/2902765/profiles/D2902765_160.nc,0,2024-06-17,2024-06-17,0,11.882,86.44,D,20.0,29.708444383387892,29.55246232299805
csio/2902765/profiles/D2902765_160.nc,0,2024-06-17,2024-06-17,0,11.882,86.44,D,30.0,29.70994738528603,29.37607012573242
csio/2902765/profiles/D2902765_160.nc,0,2024-06-17,2024-06-17,0,11.882,86.44,D,50.0,29.047076874089587,28.808483775634766
csio/2902765/profiles/D2902765_160.nc,0,2024-06-17,2024-06-17,0,11.882,86.44,D,75.0,24.879656035376673,27.070722573852535
csio/2902765/profiles/D2902765_160.nc,0,2024-06-17,2024-06-17,0,11.882,86.44,D,100.0,20.48359606048992,23.688681307373045
csio/2902765/profiles/D2902765_160.nc,0,2024-06-17,2024-06-17,0,11.882,86.44,D,125.0,18.276009095161477,20.167465069580075
csio/2902765/profiles/D2902765_160.nc,0,2024-06-17,2024-06-17,0,11.882,86.44,D,150.0,16.166571344648087,17.59258125854492
csio/2902765/profiles/D2902765_160.nc,0,2024-06-17,2024-06-17,0,11.882,86.44,D,200.0,13.954103270336788,14.139254352722167
csio/2902765/profiles/D2902765_160.nc,0,2024-06-17,2024-06-17,0,11.882,86.44,D,300.0,11.936517748785556,11.867393665161135
csio/2902765/profiles/D2902765_160.nc,0,2024-06-17,2024-06-17,0,11.882,86.44,D,500.0,10.214887178919133,9.50077137023926
csio/2902765/profiles/D2902765_160.nc,0,2024-06-17,2024-06-17,0,11.882,86.44,D,700.0,8.683847402815715,8.174690669555664
csio/2902765/profiles/D2902765_160.nc,0,2024-06-17,2024-06-17,0,11.882,86.44,D,1000.0,6.959063864173322,6.559352861938478
csio/2902765/profiles/D2902765_161.nc,0,2024-06-27,2024-06-27,0,11.558,86.314,D,5.0,29.52109928073878,29.600937471557614
csio/2902765/profiles/D2902765_161.nc,0,2024-06-27,2024-06-27,0,11.558,86.314,D,10.0,29.524699591445824,29.51329905163574
csio/2902765/profiles/D2902765_161.nc,0,2024-06-27,2024-06-27,0,11.558,86.314,D,20.0,29.528737675036574,29.338023960083007
csio/2902765/profiles/D2902765_161.nc,0,2024-06-27,2024-06-27,0,11.558,86.314,D,30.0,29.531889385604412,29.162747562744144
csio/2902765/profiles/D2902765_161.nc,0,2024-06-27,2024-06-27,0,11.558,86.314,D,50.0,28.81922581744303,28.760814814453123
csio/2902765/profiles/D2902765_161.nc,0,2024-06-27,2024-06-27,0,11.558,86.314,D,75.0,24.583069397541156,27.03107812646484
csio/2902765/profiles/D2902765_161.nc,0,2024-06-27,2024-06-27,0,11.558,86.314,D,100.0,20.65975894999379,23.504049560058583
csio/2902765/profiles/D2902765_161.nc,0,2024-06-27,2024-06-27,0,11.558,86.314,D,125.0,18.554461817939007,20.02705791577148
csio/2902765/profiles/D2902765_161.nc,0,2024-06-27,2024-06-27,0,11.558,86.314,D,150.0,16.74324967575085,17.578561856933593
csio/2902765/profiles/D2902765_161.nc,0,2024-06-27,2024-06-27,0,11.558,86.314,D,200.0,14.040196580003288,14.22271874859619
csio/2902765/profiles/D2902765_161.nc,0,2024-06-27,2024-06-27,0,11.558,86.314,D,300.0,11.867269743349762,12.068953466064453
csio/2902765/profiles/D2902765_161.nc,0,2024-06-27,2024-06-27,0,11.558,86.314,D,500.0,10.116666439827505,9.727908559814454
csio/2902765/profiles/D2902765_161.nc,0,2024-06-27,2024-06-27,0,11.558,86.314,D,700.0,8.737578060477528,8.413676119995118
csio/2902765/profiles/D2902765_161.nc,0,2024-06-27,2024-06-27,0,11.558,86.314,D,1000.0,6.850525883553302,6.812331537597657
csio/2902766/profiles/D2902766_163.nc,0,2024-06-10,2024-06-10,0,15.431,89.32,D,5.0,29.83099937438965,29.980715210266112
csio/2902766/profiles/D2902766_163.nc,0,2024-06-10,2024-06-10,0,15.431,89.32,D,10.0,29.829103864534822,29.893182252197263
csio/2902766/profiles/D2902766_163.nc,0,2024-06-10,2024-06-10,0,15.431,89.32,D,20.0,29.747306947952143,29.718118251037595
csio/2902766/profiles/D2902766_163.nc,0,2024-06-10,2024-06-10,0,15.431,89.32,D,30.0,28.772582076773123,29.529462079772948
csio/2902766/profiles/D2902766_163.nc,0,2024-06-10,2024-06-10,0,15.431,89.32,D,50.0,27.329529660220675,28.829274879150375
csio/2902766/profiles/D2902766_163.nc,0,2024-06-10,2024-06-10,0,15.431,89.32,D,75.0,24.647187495062138,26.04068672760006
csio/2902766/profiles/D2902766_163.nc,0,2024-06-10,2024-06-10,0,15.431,89.32,D,100.0,21.252720365600545,22.224957317199674
csio/2902766/profiles/D2902766_163.nc,0,2024-06-10,2024-06-10,0,15.431,89.32,D,125.0,19.01168727576745,19.253105928955055
csio/2902766/profiles/D2902766_163.nc,0,2024-06-10,2024-06-10,0,15.431,89.32,D,150.0,16.391613751656294,17.291637371215806
csio/2902766/profiles/D2902766_163.nc,0,2024-06-10,2024-06-10,0,15.431,89.32,D,200.0,13.632941980181393,14.538323838958739
csio/2902766/profiles/D2902766_163.nc,0,2024-06-10,2024-06-10,0,15.431,89.32,D,300.0,11.55003548116102,12.428158343200682
csio/2902766/profiles/D2902766_163.nc,0,2024-06-10,2024-06-10,0,15.431,89.32,D,500.0,9.945645417075452,10.079291598815916
csio/2902766/profiles/D2902766_163.nc,0,2024-06-10,2024-06-10,0,15.431,89.32,D,700.0,8.650764926386923,8.759690519409176
csio/2902766/profiles/D2902766_163.nc,0,2024-06-10,2024-06-10,0,15.431,89.32,D,1000.0,6.882217395344601,7.150548959045408
csio/2902766/profiles/D2902766_164.nc,0,2024-06-19,2024-06-19,0,15.886,89.069,D,5.0,29.583799743842974,29.630669111022954
csio/2902766/profiles/D2902766_164.nc,0,2024-06-19,2024-06-19,0,15.886,89.069,D,10.0,29.585599327469026,29.54327938684082
csio/2902766/profiles/D2902766_164.nc,0,2024-06-19,2024-06-19,0,15.886,89.069,D,20.0,29.578244066572992,29.36850160876465
csio/2902766/profiles/D2902766_164.nc,0,2024-06-19,2024-06-19,0,15.886,89.069,D,30.0,29.050989836129087,29.193721290649414
csio/2902766/profiles/D2902766_164.nc,0,2024-06-19,2024-06-19,0,15.886,89.069,D,50.0,26.320444889702447,28.73062042053223
csio/2902766/profiles/D2902766_164.nc,0,2024-06-19,2024-06-19,0,15.886,89.069,D,75.0,22.684349740880343,26.749485210144048
csio/2902766/profiles/D2902766_164.nc,0,2024-06-19,2024-06-19,0,15.886,89.069,D,100.0,19.35750543690859,23.0592381447754
csio/2902766/profiles/D2902766_164.nc,0,2024-06-19,2024-06-19,0,15.886,89.069,D,125.0,16.90517750257103,19.767370037902836
csio/2902766/profiles/D2902766_164.nc,0,2024-06-19,2024-06-19,0,15.886,89.069,D,150.0,14.89052616922479,17.537453779052736
csio/2902766/profiles/D2902766_164.nc,0,2024-06-19,2024-06-19,0,15.886,89.069,D,200.0,12.971178065151461,14.435133823425295
csio/2902766/profiles/D2902766_164.nc,0,2024-06-19,2024-06-19,0,15.886,89.069,D,300.0,11.46844100620319,12.3301068503418
csio/2902766/profiles/D2902766_164.nc,0,2024-06-19,2024-06-19,0,15.886,89.069,D,500.0,9.891920205315941,9.98637054388428
csio/2902766/profiles/D2902766_164.nc,0,2024-06-19,2024-06-19,0,15.886,89.069,D,700.0,8.608592115296052,8.669075001708988
csio/2902766/profiles/D2902766_164.nc,0,2024-06-19,2024-06-19,0,15.886,89.069,D,1000.0,6.956622949696071,7.0639054487304715
csio/2902766/profiles/D2902766_165.nc,0,2024-06-29,2024-06-29,0,16.206,88.775,D,0.0,29.57699966430664,29.54335604553223
csio/2902766/profiles/D2902766_165.nc,0,2024-06-29,2024-06-29,0,16.206,88.775,D,5.0,29.56999969482422,29.45643937225342
csio/2902766/profiles/D2902766_165.nc,0,2024-06-29,2024-06-29,0,16.206,88.775,D,10.0,29.571786131055937,29.36952657318115
csio/2902766/profiles/D2902766_165.nc,0,2024-06-29,2024-06-29,0,16.206,88.775,D,20.0,29.549545114690606,29.195695799255372
csio/2902766/profiles/D2902766_165.nc,0,2024-06-29,2024-06-29,0,16.206,88.775,D,30.0,29.35499935410237,29.021864912414554
csio/2902766/profiles/D2902766_165.nc,0,2024-06-29,2024-06-29,0,16.206,88.775,D,50.0,27.70552107819253,28.6220821182251
csio/2902766/profiles/D2902766_165.nc,0,2024-06-29,2024-06-29,0,16.206,88.775,D,75.0,23.67472909957869,26.21406178283693
csio/2902766/profiles/D2902766_165.nc,0,2024-06-29,2024-06-29,0,16.206,88.775,D,100.0,19.483703251406762,22.473844017028824
csio/2902766/profiles/D2902766_165.nc,0,2024-06-29,2024-06-29,0,16.206,88.775,D,125.0,17.18335353772133,19.431176042175302
csio/2902766/profiles/D2902766_165.nc,0,2024-06-29,2024-06-29,0,16.206,88.775,D,150.0,15.211093737532634,17.42262655792237
csio/2902766/profiles/D2902766_165.nc,0,2024-06-29,2024-06-29,0,16.206,88.775,D,200.0,13.149705550249886,14.655076280212405
csio/2902766/profiles/D2902766_165.nc,0,2024-06-29,2024-06-29,0,16.206,88.775,D,300.0,11.63950230507974,12.568098391723638
csio/2902766/profiles/D2902766_165.nc,0,2024-06-29,2024-06-29,0,16.206,88.775,D,500.0,10.075623897968338,10.24443157806397
csio/2902766/profiles/D2902766_165.nc,0,2024-06-29,2024-06-29,0,16.206,88.775,D,700.0,8.771192867884386,8.936530981445317
csio/2902766/profiles/D2902766_165.nc,0,2024-06-29,2024-06-29,0,16.206,88.775,D,1000.0,7.03525464975561,7.342438461303715
csio/2902768/profiles/D2902768_159.nc,0,2024-06-13,2024-06-13,0,12.75,81.666,D,5.0,30.461000442504883,30.40407643127441
csio/2902768/profiles/D2902768_159.nc,0,2024-06-13,2024-06-13,0,12.75,81.666,D,10.0,30.457103598443876,30.315166107177735
csio/2902768/profiles/D2902768_159.nc,0,2024-06-13,2024-06-13,0,12.75,81.666,D,20.0,30.436719855575575,30.137344818115235
csio/2902768/profiles/D2902768_159.nc,0,2024-06-13,2024-06-13,0,12.75,81.666,D,30.0,30.421367801156244,29.959524169921874
csio/2902768/profiles/D2902768_159.nc,0,2024-06-13,2024-06-13,0,12.75,81.666,D,50.0,29.58401077421592,29.24476420593262
csio/2902768/profiles/D2902768_159.nc,0,2024-06-13,2024-06-13,0,12.75,81.666,D,75.0,27.546842159738468,27.42777708435058
csio/2902768/profiles/D2902768_159.nc,0,2024-06-13,2024-06-13,0,12.75,81.666,D,100.0,21.75689067824497,24.046584320068355
csio/2902768/profiles/D2902768_159.nc,0,2024-06-13,2024-06-13,0,12.75,81.666,D,125.0,19.774701371750183,20.48357249450683
csio/2902768/profiles/D2902768_159.nc,0,2024-06-13,2024-06-13,0,12.75,81.666,D,150.0,18.94772627993808,17.793649932861328
csio/2902768/profiles/D2902768_159.nc,0,2024-06-13,2024-06-13,0,12.75,81.666,D,200.0,16.312035073977835,14.241181838989258
csio/2902768/profiles/D2902768_159.nc,0,2024-06-13,2024-06-13,0,12.75,81.666,D,300.0,11.965322270957007,11.863356170654297
csio/2902768/profiles/D2902768_159.nc,0,2024-06-13,2024-06-13,0,12.75,81.666,D,500.0,10.093553795369097,9.46740301513672
csio/2902768/profiles/D2902768_159.nc,0,2024-06-13,2024-06-13,0,12.75,81.666,D,700.0,8.499975550059865,8.126874618530273
csio/2902768/profiles/D2902768_159.nc,0,2024-06-13,2024-06-13,0,12.75,81.666,D,1000.0,6.49896409074556,6.494173568725587
csio/2902768/profiles/D2902768_160.nc,0,2024-06-23,2024-06-23,0,13.651,81.757,D,5.0,30.304923134301404,30.197859168365472
csio/2902768/profiles/D2902768_160.nc,0,2024-06-23,2024-06-23,0,13.651,81.757,D,10.0,30.295320118788243,30.108366315368652
csio/2902768/profiles/D2902768_160.nc,0,2024-06-23,2024-06-23,0,13.651,81.757,D,20.0,30.199750167727466,29.929380737335205
csio/2902768/profiles/D2902768_160.nc,0,2024-06-23,2024-06-23,0,13.651,81.757,D,30.0,29.65156379490966,29.747220171997068
csio/2902768/profiles/D2902768_160.nc,0,2024-06-23,2024-06-23,0,13.651,81.757,D,50.0,28.26059140805546,29.06872803195191
csio/2902768/profiles/D2902768_160.nc,0,2024-06-23,2024-06-23,0,13.651,81.757,D,75.0,26.272567327541765,27.409885114196786
csio/2902768/profiles/D2902768_160.nc,0,2024-06-23,2024-06-23,0,13.651,81.757,D,100.0,21.615445952529946,24.495959572662365
csio/2902768/profiles/D2902768_160.nc,0,2024-06-23,2024-06-23,0,13.651,81.757,D,125.0,19.95427759014046,20.91769305010988
csio/2902768/profiles/D2902768_160.nc,0,2024-06-23,2024-06-23,0,13.651,81.757,D,150.0,19.055257972878074,17.909317947570813
csio/2902768/profiles/D2902768_160.nc,0,2024-06-23,2024-06-23,0,13.651,81.757,D,200.0,16.123999792734754,13.973190453033453
csio/2902768/profiles/D2902768_160.nc,0,2024-06-23,2024-06-23,0,13.651,81.757,D,300.0,12.313869846001158,11.317179293762209
csio/2902768/profiles/D2902768_160.nc,0,2024-06-23,2024-06-23,0,13.651,81.757,D,500.0,10.162519721984863,8.892910797271732
csio/2902768/profiles/D2902768_160.nc,0,2024-06-23,2024-06-23,0,13.651,81.757,D,700.0,8.654278300041,7.53924899246216
csio/2902768/profiles/D2902768_160.nc,0,2024-06-23,2024-06-23,0,13.651,81.757,D,1000.0,6.593733214314852,5.890246560333254
csio/2902770/profiles/D2902770_158.nc,0,2024-06-13,2024-06-13,0,12.382,89.197,D,5.0,29.847000122070312,29.822621288085937
csio/2902770/profiles/D2902770_158.nc,0,2024-06-13,2024-06-13,0,12.382,89.197,D,10.0,29.846924655557167,29.7345046204834
csio/2902770/profiles/D2902770_158.nc,0,2024-06-13,2024-06-13,0,12.382,89.197,D,20.0,29.838428879017737,29.55827027819824
csio/2902770/profiles/D2902770_158.nc,0,2024-06-13,2024-06-13,0,12.382,89.197,D,30.0,29.814693564717967,29.382034517089842
csio/2902770/profiles/D2902770_158.nc,0,2024-06-13,2024-06-13,0,12.382,89.197,D,50.0,29.394040127524143,28.949056972595216
csio/2902770/profiles/D2902770_158.nc,0,2024-06-13,2024-06-13,0,12.382,89.197,D,75.0,26.68811306126436,27.23356572546387
csio/2902770/profiles/D2902770_158.nc,0,2024-06-13,2024-06-13,0,12.382,89.197,D,100.0,22.227711664168005,23.77703224969482
csio/2902770/profiles/D2902770_158.nc,0,2024-06-13,2024-06-13,0,12.382,89.197,D,125.0,18.382049500085866,20.197230425781243
csio/2902770/profiles/D2902770_158.nc,0,2024-06-13,2024-06-13,0,12.382,89.197,D,150.0,15.78199998505267,17.639383966125482
csio/2902770/profiles/D2902770_158.nc,0,2024-06-13,2024-06-13,0,12.382,89.197,D,200.0,13.387221712642416,14.197057183074948
csio/2902770/profiles/D2902770_158.nc,0,2024-06-13,2024-06-13,0,12.382,89.197,D,300.0,11.570928225890967,11.920547174804685
csio/2902770/profiles/D2902770_158.nc,0,2024-06-13,2024-06-13,0,12.382,89.197,D,500.0,10.018191440935455,9.55570403326416
csio/2902770/profiles/D2902770_158.nc,0,2024-06-13,2024-06-13,0,12.382,89.197,D,700.0,8.83050012588501,8.228665674560546
csio/2902770/profiles/D2902770_158.nc,0,2024-06-13,2024-06-13,0,12.382,89.197,D,1000.0,7.073952220824655,6.612230591979978
csio/2902770/profiles/D2902770_159.nc,0,2024-06-23,2024-06-23,0,12.167,88.703,D,5.0,29.76036366561221,29.668977306915284
csio/2902770/profiles/D2902770_159.nc,0,2024-06-23,2024-06-23,0,12.167,88.703,D,10.0,29.749264156512016,29.580818380279542
csio/2902770/profiles/D2902770_159.nc,0,2024-06-23,2024-06-23,0,12.167,88.703,D,20.0,29.692388144913735,29.404503864074705
csio/2902770/profiles/D2902770_159.nc,0,2024-06-23,2024-06-23,0,12.167,88.703,D,30.0,29.671529620411498,29.228189868255615
csio/2902770/profiles/D2902770_159.nc,0,2024-06-23,2024-06-23,0,12.167,88.703,D,50.0,28.623733163452318,28.814975621276854
csio/2902770/profiles/D2902770_159.nc,0,2024-06-23,2024-06-23,0,12.167,88.703,D,75.0,25.927345484756227,27.28317885906982
csio/2902770/profiles/D2902770_159.nc,0,2024-06-23,2024-06-23,0,12.167,88.703,D,100.0,21.503868569488265,24.20761448278808
csio/2902770/profiles/D2902770_159.nc,0,2024-06-23,2024-06-23,0,12.167,88.703,D,125.0,18.443463716583025,20.6365017975769
csio/2902770/profiles/D2902770_159.nc,0,2024-06-23,2024-06-23,0,12.167,88.703,D,150.0,15.951607370284995,17.912914685638427
csio/2902770/profiles/D2902770_159.nc,0,2024-06-23,2024-06-23,0,12.167,88.703,D,200.0,13.34500013078962,14.421799548980713
csio/2902770/profiles/D2902770_159.nc,0,2024-06-23,2024-06-23,0,12.167,88.703,D,300.0,11.490644197174115,12.125700825805666
csio/2902770/profiles/D2902770_159.nc,0,2024-06-23,2024-06-23,0,12.167,88.703,D,500.0,9.820039710998536,9.772317583099365
csio/2902770/profiles/D2902770_159.nc,0,2024-06-23,2024-06-23,0,12.167,88.703,D,700.0,8.610168276550247,8.45281568927002
csio/2902770/profiles/D2902770_159.nc,0,2024-06-23,2024-06-23,0,12.167,88.703,D,1000.0,6.822820276718121,6.845428980560303
csio/2902772/profiles/D2902772_158.nc,0,2024-06-13,2024-06-13,0,14.963,87.032,D,200.0,14.210171477114612,16.017033144012455
csio/2902772/profiles/D2902772_158.nc,0,2024-06-13,2024-06-13,0,14.963,87.032,D,300.0,11.456419041702183,12.838065022399903
csio/2902772/profiles/D2902772_158.nc,0,2024-06-13,2024-06-13,0,14.963,87.032,D,500.0,9.676362533405241,10.486531048095701
csio/2902772/profiles/D2902772_158.nc,0,2024-06-13,2024-06-13,0,14.963,87.032,D,700.0,8.25716777117923,9.16669137548828
csio/2902772/profiles/D2902772_158.nc,0,2024-06-13,2024-06-13,0,14.963,87.032,D,1000.0,6.56948586636819,7.560295985656737
csio/2902772/profiles/D2902772_159.nc,0,2024-06-23,2024-06-23,0,14.702,86.697,D,5.0,30.149384571899354,30.065711696594235
csio/2902772/profiles/D2902772_159.nc,0,2024-06-23,2024-06-23,0,14.702,86.697,D,10.0,30.15575075209146,29.97776514050293
csio/2902772/profiles/D2902772_159.nc,0,2024-06-23,2024-06-23,0,14.702,86.697,D,20.0,30.11413842602954,29.801870720092772
csio/2902772/profiles/D2902772_159.nc,0,2024-06-23,2024-06-23,0,14.702,86.697,D,30.0,30.076371167183115,29.625973637939452
csio/2902772/profiles/D2902772_159.nc,0,2024-06-23,2024-06-23,0,14.702,86.697,D,50.0,29.965452614183572,29.274185217651365
csio/2902772/profiles/D2902772_159.nc,0,2024-06-23,2024-06-23,0,14.702,86.697,D,75.0,27.882152231706726,28.830817280822757
csio/2902772/profiles/D2902772_159.nc,0,2024-06-23,2024-06-23,0,14.702,86.697,D,100.0,27.762930732088893,27.650978767028803
csio/2902772/profiles/D2902772_159.nc,0,2024-06-23,2024-06-23,0,14.702,86.697,D,125.0,23.92969624192647,25.330695889892574
csio/2902772/profiles/D2902772_159.nc,0,2024-06-23,2024-06-23,0,14.702,86.697,D,150.0,20.726948759711497,22.01687507531738
csio/2902772/profiles/D2902772_159.nc,0,2024-06-23,2024-06-23,0,14.702,86.697,D,200.0,15.199780611992038,16.54997061993408
csio/2902772/profiles/D2902772_159.nc,0,2024-06-23,2024-06-23,0,14.702,86.697,D,300.0,11.569030267063159,12.710804888000489
csio/2902772/profiles/D2902772_159.nc,0,2024-06-23,2024-06-23,0,14.702,86.697,D,500.0,9.671758816977741,10.314548229492187
csio/2902772/profiles/D2902772_159.nc,0,2024-06-23,2024-06-23,0,14.702,86.697,D,700.0,8.273855881491787,8.993548110290527
csio/2902772/profiles/D2902772_159.nc,0,2024-06-23,2024-06-23,0,14.702,86.697,D,1000.0,6.480704444567963,7.386050341796875
incois/1902669/profiles/D1902669_028.nc,0,2024-06-15,2024-06-15,0,14.45,88.9,D,5.0,29.71776962297204,29.65108230590821
incois/1902669/profiles/D1902669_028.nc,0,2024-06-15,2024-06-15,0,14.45,88.9,D,10.0,29.717931451207836,29.562882156372076
incois/1902669/profiles/D1902669_028.nc,0,2024-06-15,2024-06-15,0,14.45,88.9,D,20.0,29.717010688628196,29.386480560302736
incois/1902669/profiles/D1902669_028.nc,0,2024-06-15,2024-06-15,0,14.45,88.9,D,30.0,29.70756286407511,29.18873359680176
incois/1902669/profiles/D1902669_028.nc,0,2024-06-15,2024-06-15,0,14.45,88.9,D,50.0,27.426666181288187,28.170381774902353
incois/1902669/profiles/D1902669_028.nc,0,2024-06-15,2024-06-15,0,14.45,88.9,D,75.0,23.562514418974473,25.353507766723645
incois/1902669/profiles/D1902669_028.nc,0,2024-06-15,2024-06-15,0,14.45,88.9,D,100.0,20.07630784661096,21.623506469726568
incois/1902669/profiles/D1902669_028.nc,0,2024-06-15,2024-06-15,0,14.45,88.9,D,125.0,16.827309613115382,18.745912322998056
incois/1902669/profiles/D1902669_028.nc,0,2024-06-15,2024-06-15,0,14.45,88.9,D,150.0,15.142693878580497,16.837345733642582
incois/1902669/profiles/D1902669_028.nc,0,2024-06-15,2024-06-15,0,14.45,88.9,D,200.0,13.094462222642699,14.133743476867679
incois/1902669/profiles/D1902669_028.nc,0,2024-06-15,2024-06-15,0,14.45,88.9,D,300.0,11.509806139144564,12.009658050537112
incois/1902669/profiles/D1902669_028.nc,0,2024-06-15,2024-06-15,0,14.45,88.9,D,500.0,9.883432086233885,9.645799255371097
incois/1902669/profiles/D1902669_028.nc,0,2024-06-15,2024-06-15,0,14.45,88.9,D,700.0,8.70862210698512,8.321678009033207
incois/1902669/profiles/D1902669_028.nc,0,2024-06-15,2024-06-15,0,14.45,88.9,D,1000.0,6.863871119683576,6.707202148437504
incois/1902669/profiles/D1902669_029.nc,0,2024-06-25,2024-06-25,0,14.916666666666666,89.1,D,5.0,29.57950000810615,29.555448786417642
incois/1902669/profiles/D1902669_029.nc,0,2024-06-25,2024-06-25,0,14.916666666666666,89.1,D,10.0,29.576000213623047,29.46788368225097
incois/1902669/profiles/D1902669_029.nc,0,2024-06-25,2024-06-25,0,14.916666666666666,89.1,D,20.0,29.583752986508312,29.292750040690102
incois/1902669/profiles/D1902669_029.nc,0,2024-06-25,2024-06-25,0,14.916666666666666,89.1,D,30.0,29.38431374949884,29.11761779785156
incois/1902669/profiles/D1902669_029.nc,0,2024-06-25,2024-06-25,0,14.916666666666666,89.1,D,50.0,25.957923248787594,28.594816970825185
incois/1902669/profiles/D1902669_029.nc,0,2024-06-25,2024-06-25,0,14.916666666666666,89.1,D,75.0,21.623791391816468,26.370842997233055
incois/1902669/profiles/D1902669_029.nc,0,2024-06-25,2024-06-25,0,14.916666666666666,89.1,D,100.0,19.15696907013453,22.684165445963522
incois/1902669/profiles/D1902669_029.nc,0,2024-06-25,2024-06-25,0,14.916666666666666,89.1,D,125.0,16.771485740206142,19.52645975748696
incois/1902669/profiles/D1902669_029.nc,0,2024-06-25,2024-06-25,0,14.916666666666666,89.1,D,150.0,15.09455586824099,17.40900484720865
incois/1902669/profiles/D1902669_029.nc,0,2024-06-25,2024-06-25,0,14.916666666666666,89.1,D,200.0,12.92817892558733,14.453359222412105
incois/1902669/profiles/D1902669_029.nc,0,2024-06-25,2024-06-25,0,14.916666666666666,89.1,D,300.0,11.376056688937146,12.348007965087888
incois/1902669/profiles/D1902669_029.nc,0,2024-06-25,2024-06-25,0,14.916666666666666,89.1,D,500.0,10.055755744224722,10.00432116190592
incois/1902669/profiles/D1902669_029.nc,0,2024-06-25,2024-06-25,0,14.916666666666666,89.1,D,700.0,8.793685397516022,8.688630549112952
incois/1902669/profiles/D1902669_029.nc,0,2024-06-25,2024-06-25,0,14.916666666666666,89.1,D,1000.0,6.968149131850347,7.084661738077795
incois/2903891/profiles/D2903891_027.nc,0,2024-06-07,2024-06-10,3,12.933333333333334,89.81666666666666,D,5.0,30.284000396728516,29.859806755913635
incois/2903891/profiles/D2903891_027.nc,0,2024-06-07,2024-06-10,3,12.933333333333334,89.81666666666666,D,10.0,30.284000396728516,29.781076312594955
incois/2903891/profiles/D2903891_027.nc,0,2024-06-07,2024-06-10,3,12.933333333333334,89.81666666666666,D,20.0,30.266083318119204,29.62326227823894
incois/2903891/profiles/D2903891_027.nc,0,2024-06-07,2024-06-10,3,12.933333333333334,89.81666666666666,D,30.0,30.21219166816297,29.443656294080952
incois/2903891/profiles/D2903891_027.nc,0,2024-06-07,2024-06-10,3,12.933333333333334,89.81666666666666,D,50.0,28.7203501413601,28.814267332288967
incois/2903891/profiles/D2903891_027.nc,0,2024-06-07,2024-06-10,3,12.933333333333334,89.81666666666666,D,75.0,24.765303350074493,26.71402481926813
incois/2903891/profiles/D2903891_027.nc,0,2024-06-07,2024-06-10,3,12.933333333333334,89.81666666666666,D,100.0,20.671222148514364,23.310846320258236
incois/2903891/profiles/D2903891_027.nc,0,2024-06-07,2024-06-10,3,12.933333333333334,89.81666666666666,D,125.0,17.986612013022736,20.092463963826482
incois/2903891/profiles/D2903891_027.nc,0,2024-06-07,2024-06-10,3,12.933333333333334,89.81666666666666,D,150.0,16.44720077972452,17.525145068698443
incois/2903891/profiles/D2903891_027.nc,0,2024-06-07,2024-06-10,3,12.933333333333334,89.81666666666666,D,200.0,13.80489509679968,14.118578881157758
incois/2903891/profiles/D2903891_027.nc,0,2024-06-07,2024-06-10,3,12.933333333333334,89.81666666666666,D,300.0,11.825943603341846,11.83376319037542
incois/2903891/profiles/D2903891_027.nc,0,2024-06-07,2024-06-10,3,12.933333333333334,89.81666666666666,D,500.0,10.171790651168337,9.495574044121618
incois/2903891/profiles/D2903891_027.nc,0,2024-06-07,2024-06-10,3,12.933333333333334,89.81666666666666,D,700.0,8.776635879974627,8.181631096733922
incois/2903891/profiles/D2903891_027.nc,0,2024-06-07,2024-06-10,3,12.933333333333334,89.81666666666666,D,1000.0,6.908214780297132,6.581012251112175
incois/2903891/profiles/D2903891_028.nc,0,2024-06-17,2024-06-17,0,12.933333333333334,89.81666666666666,D,5.0,29.707454507843458,29.89800832960342
incois/2903891/profiles/D2903891_028.nc,0,2024-06-17,2024-06-17,0,12.933333333333334,89.81666666666666,D,10.0,29.706082821157604,29.81924275716147
incois/2903891/profiles/D2903891_028.nc,0,2024-06-17,2024-06-17,0,12.933333333333334,89.81666666666666,D,20.0,29.704088080314353,29.661593110826292
incois/2903891/profiles/D2903891_028.nc,0,2024-06-17,2024-06-17,0,12.933333333333334,89.81666666666666,D,30.0,29.67482336988081,29.481591406928175
incois/2903891/profiles/D2903891_028.nc,0,2024-06-17,2024-06-17,0,12.933333333333334,89.81666666666666,D,50.0,28.854442068080015,28.839114379882822
incois/2903891/profiles/D2903891_028.nc,0,2024-06-17,2024-06-17,0,12.933333333333334,89.81666666666666,D,75.0,24.658832480736038,26.727325897216808
incois/2903891/profiles/D2903891_028.nc,0,2024-06-17,2024-06-17,0,12.933333333333334,89.81666666666666,D,100.0,20.369415281675174,23.32134764777289
incois/2903891/profiles/D2903891_028.nc,0,2024-06-17,2024-06-17,0,12.933333333333334,89.81666666666666,D,125.0,17.510403142723103,20.10575657314723
incois/2903891/profiles/D2903891_028.nc,0,2024-06-17,2024-06-17,0,12.933333333333334,89.81666666666666,D,150.0,15.956039353326288,17.5456036292182
incois/2903891/profiles/D2903891_028.nc,0,2024-06-17,2024-06-17,0,12.933333333333334,89.81666666666666,D,200.0,13.63043363817091,14.147985610961905
incois/2903891/profiles/D2903891_028.nc,0,2024-06-17,2024-06-17,0,12.933333333333334,89.81666666666666,D,300.0,11.926351333075997,11.865081973605674
incois/2903891/profiles/D2903891_028.nc,0,2024-06-17,2024-06-17,0,12.933333333333334,89.81666666666666,D,500.0,10.217999767861334,9.52663162231444
incois/2903891/profiles/D2903891_028.nc,0,2024-06-17,2024-06-17,0,12.933333333333334,89.81666666666666,D,700.0,8.912956769176253,8.212602106730127
incois/2903891/profiles/D2903891_028.nc,0,2024-06-17,2024-06-17,0,12.933333333333334,89.81666666666666,D,1000.0,7.0232579971763105,6.611939629448767
incois/2903891/profiles/D2903891_029.nc,0,2024-06-27,2024-06-27,0,12.933333333333334,89.81666666666666,D,0.0,29.518999099731445,29.789677895440008
incois/2903891/profiles/D2903891_029.nc,0,2024-06-27,2024-06-27,0,12.933333333333334,89.81666666666666,D,5.0,29.532909913575462,29.71134017944337
incois/2903891/profiles/D2903891_029.nc,0,2024-06-27,2024-06-27,0,12.933333333333334,89.81666666666666,D,10.0,29.5353329981695,29.63300120035808
incois/2903891/profiles/D2903891_029.nc,0,2024-06-27,2024-06-27,0,12.933333333333334,89.81666666666666,D,20.0,29.536883866208168,29.476327540079765
incois/2903891/profiles/D2903891_029.nc,0,2024-06-27,2024-06-27,0,12.933333333333334,89.81666666666666,D,30.0,29.538000106811523,29.309663365681978
incois/2903891/profiles/D2903891_029.nc,0,2024-06-27,2024-06-27,0,12.933333333333334,89.81666666666666,D,50.0,27.980624742358888,28.80902394612631
incois/2903891/profiles/D2903891_029.nc,0,2024-06-27,2024-06-27,0,12.933333333333334,89.81666666666666,D,75.0,22.425905786700884,27.004309234619154
incois/2903891/profiles/D2903891_029.nc,0,2024-06-27,2024-06-27,0,12.933333333333334,89.81666666666666,D,100.0,19.7123405460859,23.74398575676812
incois/2903891/profiles/D2903891_029.nc,0,2024-06-27,2024-06-27,0,12.933333333333334,89.81666666666666,D,125.0,17.38419746815335,20.496856341891807
incois/2903891/profiles/D2903891_029.nc,0,2024-06-27,2024-06-27,0,12.933333333333334,89.81666666666666,D,150.0,16.400714387476466,17.84902548895941
incois/2903891/profiles/D2903891_029.nc,0,2024-06-27,2024-06-27,0,12.933333333333334,89.81666666666666,D,200.0,14.556544690407463,14.435704040527337
incois/2903891/profiles/D2903891_029.nc,0,2024-06-27,2024-06-27,0,12.933333333333334,89.81666666666666,D,300.0,12.220403117528303,12.160938279893655
incois/2903891/profiles/D2903891_029.nc,0,2024-06-27,2024-06-27,0,12.933333333333334,89.81666666666666,D,500.0,10.353942931376428,9.843987223307279
incois/2903891/profiles/D2903891_029.nc,0,2024-06-27,2024-06-27,0,12.933333333333334,89.81666666666666,D,700.0,8.859685366106946,8.540961803860121
incois/2903891/profiles/D2903891_029.nc,0,2024-06-27,2024-06-27,0,12.933333333333334,89.81666666666666,D,1000.0,6.872261394610095,6.953841408623573
incois/4903775/profiles/D4903775_028.nc,0,2024-06-15,2024-06-15,0,13.116666666666667,87.71666666666667,D,5.0,29.91081757994714,29.742292505900064
incois/4903775/profiles/D4903775_028.nc,0,2024-06-15,2024-06-15,0,13.116666666666667,87.71666666666667,D,10.0,29.913037158962194,29.653524771796334
incois/4903775/profiles/D4903775_028.nc,0,2024-06-15,2024-06-15,0,13.116666666666667,87.71666666666667,D,20.0,29.915931097366627,29.475988405015734
incois/4903775/profiles/D4903775_028.nc,0,2024-06-15,2024-06-15,0,13.116666666666667,87.71666666666667,D,30.0,29.918393876986816,29.298453063964843
incois/4903775/profiles/D4903775_028.nc,0,2024-06-15,2024-06-15,0,13.116666666666667,87.71666666666667,D,50.0,29.867156854495363,28.89234656439887
incois/4903775/profiles/D4903775_028.nc,0,2024-06-15,2024-06-15,0,13.116666666666667,87.71666666666667,D,75.0,27.55802099390759,27.400448099772134
incois/4903775/profiles/D4903775_028.nc,0,2024-06-15,2024-06-15,0,13.116666666666667,87.71666666666667,D,100.0,25.14848093597393,24.874815860324436
incois/4903775/profiles/D4903775_028.nc,0,2024-06-15,2024-06-15,0,13.116666666666667,87.71666666666667,D,125.0,19.98422968875714,21.40788007100423
incois/4903775/profiles/D4903775_028.nc,0,2024-06-15,2024-06-15,0,13.116666666666667,87.71666666666667,D,150.0,17.415559500732343,18.358972685072157
incois/4903775/profiles/D4903775_028.nc,0,2024-06-15,2024-06-15,0,13.116666666666667,87.71666666666667,D,200.0,13.84498823573767,14.34151671939426
incois/4903775/profiles/D4903775_028.nc,0,2024-06-15,2024-06-15,0,13.116666666666667,87.71666666666667,D,300.0,11.622147499562253,11.742988637288413
incois/4903775/profiles/D4903775_028.nc,0,2024-06-15,2024-06-15,0,13.116666666666667,87.71666666666667,D,500.0,9.812249846612204,9.360009138319228
incois/4903775/profiles/D4903775_028.nc,0,2024-06-15,2024-06-15,0,13.116666666666667,87.71666666666667,D,700.0,8.492578067350628,8.026236538357205
incois/4903775/profiles/D4903775_028.nc,0,2024-06-15,2024-06-15,0,13.116666666666667,87.71666666666667,D,1000.0,6.712645351338588,6.402203555636936
incois/4903775/profiles/D4903775_029.nc,0,2024-06-25,2024-06-25,0,13.7,87.95,D,5.0,29.795333862304688,29.610580291748043
incois/4903775/profiles/D4903775_029.nc,0,2024-06-25,2024-06-25,0,13.7,87.95,D,10.0,29.79696512225335,29.522595977783205
incois/4903775/profiles/D4903775_029.nc,0,2024-06-25,2024-06-25,0,13.7,87.95,D,20.0,29.80105937999724,29.346625518798824
incois/4903775/profiles/D4903775_029.nc,0,2024-06-25,2024-06-25,0,13.7,87.95,D,30.0,29.81274970397355,29.170653457641603
incois/4903775/profiles/D4903775_029.nc,0,2024-06-25,2024-06-25,0,13.7,87.95,D,50.0,29.43431236299371,28.81847427368164
incois/4903775/profiles/D4903775_029.nc,0,2024-06-25,2024-06-25,0,13.7,87.95,D,75.0,25.978322961871534,27.540014495849608
incois/4903775/profiles/D4903775_029.nc,0,2024-06-25,2024-06-25,0,13.7,87.95,D,100.0,21.58475713940748,24.88501251220703
incois/4903775/profiles/D4903775_029.nc,0,2024-06-25,2024-06-25,0,13.7,87.95,D,125.0,18.588899140036386,21.495978240966792
incois/4903775/profiles/D4903775_029.nc,0,2024-06-25,2024-06-25,0,13.7,87.95,D,150.0,15.744096945205735,18.54543762207031
incois/4903775/profiles/D4903775_029.nc,0,2024-06-25,2024-06-25,0,13.7,87.95,D,200.0,13.113295307789935,14.78340377807617
incois/4903775/profiles/D4903775_029.nc,0,2024-06-25,2024-06-25,0,13.7,87.95,D,300.0,11.383605446588934,12.34895927429199
incois/4903775/profiles/D4903775_029.nc,0,2024-06-25,2024-06-25,0,13.7,87.95,D,500.0,9.824546037852837,9.995569763183592
incois/4903775/profiles/D4903775_029.nc,0,2024-06-25,2024-06-25,0,13.7,87.95,D,700.0,8.530240927590016,8.675752868652344
incois/4903775/profiles/D4903775_029.nc,0,2024-06-25,2024-06-25,0,13.7,87.95,D,1000.0,6.715987701118745,7.068509750366211
incois/4903776/profiles/D4903776_027.nc,0,2024-06-07,2024-06-10,3,10.533333333333333,88.36666666666666,D,5.0,29.892091057438538,29.716565729777017
incois/4903776/profiles/D4903776_027.nc,0,2024-06-07,2024-06-10,3,10.533333333333333,88.36666666666666,D,10.0,29.89298147714792,29.628083301120334
incois/4903776/profiles/D4903776_027.nc,0,2024-06-07,2024-06-10,3,10.533333333333333,88.36666666666666,D,20.0,29.892474164669842,29.451121190388996
incois/4903776/profiles/D4903776_027.nc,0,2024-06-07,2024-06-10,3,10.533333333333333,88.36666666666666,D,30.0,29.885533522784577,29.274158325195316
incois/4903776/profiles/D4903776_027.nc,0,2024-06-07,2024-06-10,3,10.533333333333333,88.36666666666666,D,50.0,28.49944258045396,28.582095014784066
incois/4903776/profiles/D4903776_027.nc,0,2024-06-07,2024-06-10,3,10.533333333333333,88.36666666666666,D,75.0,23.592160773102435,25.910853373209633
incois/4903776/profiles/D4903776_027.nc,0,2024-06-07,2024-06-10,3,10.533333333333333,88.36666666666666,D,100.0,20.016682980850177,22.06673789978027
incois/4903776/profiles/D4903776_027.nc,0,2024-06-07,2024-06-10,3,10.533333333333333,88.36666666666666,D,125.0,17.463550551605294,18.89212972005208
incois/4903776/profiles/D4903776_027.nc,0,2024-06-07,2024-06-10,3,10.533333333333333,88.36666666666666,D,150.0,15.371841631465964,16.708189375135632
incois/4903776/profiles/D4903776_027.nc,0,2024-06-07,2024-06-10,3,10.533333333333333,88.36666666666666,D,200.0,13.349229446489254,13.494131334092879
incois/4903776/profiles/D4903776_027.nc,0,2024-06-07,2024-06-10,3,10.533333333333333,88.36666666666666,D,300.0,11.618529815184697,11.346636488172742
incois/4903776/profiles/D4903776_027.nc,0,2024-06-07,2024-06-10,3,10.533333333333333,88.36666666666666,D,500.0,9.980347117752634,8.955981250339082
incois/4903776/profiles/D4903776_027.nc,0,2024-06-07,2024-06-10,3,10.533333333333333,88.36666666666666,D,700.0,8.693771927565223,7.614901250203449
incois/4903776/profiles/D4903776_027.nc,0,2024-06-07,2024-06-10,3,10.533333333333333,88.36666666666666,D,1000.0,6.922065799936681,5.981174282497827
incois/4903776/profiles/D4903776_028.nc,0,2024-06-17,2024-06-17,0,10.8,88.51666666666667,D,5.0,29.933000564575195,29.751338043212893
incois/4903776/profiles/D4903776_028.nc,0,2024-06-17,2024-06-17,0,10.8,88.51666666666667,D,10.0,29.93600082397461,29.66291829427083
incois/4903776/profiles/D4903776_028.nc,0,2024-06-17,2024-06-17,0,10.8,88.51666666666667,D,20.0,29.939550944741004,29.486080627441407
incois/4903776/profiles/D4903776_028.nc,0,2024-06-17,2024-06-17,0,10.8,88.51666666666667,D,30.0,29.93202976180688,29.309240036010742
incois/4903776/profiles/D4903776_028.nc,0,2024-06-17,2024-06-17,0,10.8,88.51666666666667,D,50.0,29.0621616469625,28.70715329488118
incois/4903776/profiles/D4903776_028.nc,0,2024-06-17,2024-06-17,0,10.8,88.51666666666667,D,75.0,24.468143739616615,26.43540501912435
incois/4903776/profiles/D4903776_028.nc,0,2024-06-17,2024-06-17,0,10.8,88.51666666666667,D,100.0,19.97836510168723,22.660750147501627
incois/4903776/profiles/D4903776_028.nc,0,2024-06-17,2024-06-17,0,10.8,88.51666666666667,D,125.0,17.728729120211312,19.395850677490234
incois/4903776/profiles/D4903776_028.nc,0,2024-06-17,2024-06-17,0,10.8,88.51666666666667,D,150.0,15.76215423392205,17.136149622599284
incois/4903776/profiles/D4903776_028.nc,0,2024-06-17,2024-06-17,0,10.8,88.51666666666667,D,200.0,13.429343099052113,13.857551371256513
incois/4903776/profiles/D4903776_028.nc,0,2024-06-17,2024-06-17,0,10.8,88.51666666666667,D,300.0,11.534532230230274,11.721636327107747
incois/4903776/profiles/D4903776_028.nc,0,2024-06-17,2024-06-17,0,10.8,88.51666666666667,D,500.0,10.03191102867061,9.344659881591799
incois/4903776/profiles/D4903776_028.nc,0,2024-06-17,2024-06-17,0,10.8,88.51666666666667,D,700.0,8.73813596807886,8.010951436360676
incois/4903776/profiles/D4903776_028.nc,0,2024-06-17,2024-06-17,0,10.8,88.51666666666667,D,1000.0,6.831500053405762,6.38602991739909
incois/4903776/profiles/D4903776_029.nc,0,2024-06-27,2024-06-27,0,10.95,88.8,D,5.0,29.584363416876545,29.643622741699218
incois/4903776/profiles/D4903776_029.nc,0,2024-06-27,2024-06-27,0,10.95,88.8,D,10.0,29.586856570341094,29.555219650268555
incois/4903776/profiles/D4903776_029.nc,0,2024-06-27,2024-06-27,0,10.95,88.8,D,20.0,29.588859691575987,29.378411026000975
incois/4903776/profiles/D4903776_029.nc,0,2024-06-27,2024-06-27,0,10.95,88.8,D,30.0,29.588280277557352,29.2016047668457
incois/4903776/profiles/D4903776_029.nc,0,2024-06-27,2024-06-27,0,10.95,88.8,D,50.0,29.51221824209047,28.740539321899412
incois/4903776/profiles/D4903776_029.nc,0,2024-06-27,2024-06-27,0,10.95,88.8,D,75.0,24.89505183738518,26.931125411987306
incois/4903776/profiles/D4903776_029.nc,0,2024-06-27,2024-06-27,0,10.95,88.8,D,100.0,20.45761529708084,23.356350936889648
incois/4903776/profiles/D4903776_029.nc,0,2024-06-27,2024-06-27,0,10.95,88.8,D,125.0,17.743999481201172,19.844790802001953
incois/4903776/profiles/D4903776_029.nc,0,2024-06-27,2024-06-27,0,10.95,88.8,D,150.0,16.035749530792238,17.386107940673828
incois/4903776/profiles/D4903776_029.nc,0,2024-06-27,2024-06-27,0,10.95,88.8,D,200.0,13.627461342340593,13.977207412719725
incois/4903776/profiles/D4903776_029.nc,0,2024-06-27,2024-06-27,0,10.95,88.8,D,300.0,11.649393662514521,11.733165893554686
incois/4903776/profiles/D4903776_029.nc,0,2024-06-27,2024-06-27,0,10.95,88.8,D,500.0,10.095250110777608,9.36461730957031
incois/4903776/profiles/D4903776_029.nc,0,2024-06-27,2024-06-27,0,10.95,88.8,D,700.0,8.759936240604802,8.035319213867187
incois/4903776/profiles/D4903776_029.nc,0,2024-06-27,2024-06-27,0,10.95,88.8,D,1000.0,6.968466214521977,6.416071929931639
incois/5907082/profiles/D5907082_028.nc,0,2024-06-14,2024-06-14,0,14.516666666666667,80.7,D,5.0,30.430222609602314,30.052319412231444
incois/5907082/profiles/D5907082_028.nc,0,2024-06-14,2024-06-14,0,14.516666666666667,80.7,D,10.0,30.162533328819336,29.96296045939128
incois/5907082/profiles/D5907082_028.nc,0,2024-06-14,2024-06-14,0,14.516666666666667,80.7,D,20.0,29.637333116001468,29.782007700602215
incois/5907082/profiles/D5907082_028.nc,0,2024-06-14,2024-06-14,0,14.516666666666667,80.7,D,30.0,29.15394233903175,29.432847086588545
incois/5907082/profiles/D5907082_028.nc,0,2024-06-14,2024-06-14,0,14.516666666666667,80.7,D,50.0,27.962064093154186,28.182798690795902
incois/5907082/profiles/D5907082_028.nc,0,2024-06-14,2024-06-14,0,14.516666666666667,80.7,D,75.0,23.68881833751685,25.91833592732748
incois/5907082/profiles/D5907082_028.nc,0,2024-06-14,2024-06-14,0,14.516666666666667,80.7,D,100.0,20.37603098660713,22.344759979248053
incois/5907082/profiles/D5907082_028.nc,0,2024-06-14,2024-06-14,0,14.516666666666667,80.7,D,125.0,18.599208543110205,19.22111190795899
incois/5907082/profiles/D5907082_028.nc,0,2024-06-14,2024-06-14,0,14.516666666666667,80.7,D,150.0,16.84770903765779,17.01845926920573
incois/5907082/profiles/D5907082_028.nc,0,2024-06-14,2024-06-14,0,14.516666666666667,80.7,D,200.0,14.523878459402402,13.777976557413737
incois/5907082/profiles/D5907082_028.nc,0,2024-06-14,2024-06-14,0,14.516666666666667,80.7,D,300.0,11.950127058310946,11.621925354003906
incois/5907082/profiles/D5907082_028.nc,0,2024-06-14,2024-06-14,0,14.516666666666667,80.7,D,500.0,10.047694425784776,9.222002563476565
incois/5907082/profiles/D5907082_028.nc,0,2024-06-14,2024-06-14,0,14.516666666666667,80.7,D,700.0,8.734000031651359,7.881887842814129
incois/5907082/profiles/D5907082_028.nc,0,2024-06-14,2024-06-14,0,14.516666666666667,80.7,D,1000.0,6.996544404221051,6.249814936319988
incois/5907082/profiles/D5907082_029.nc,0,2024-06-24,2024-06-24,0,14.85,80.63333333333334,D,0.0,29.81399917602539,30.249001515706386
incois/5907082/profiles/D5907082_029.nc,0,2024-06-24,2024-06-24,0,14.85,80.63333333333334,D,5.0,29.822214671665243,30.159753774007168
incois/5907082/profiles/D5907082_029.nc,0,2024-06-24,2024-06-24,0,14.85,80.63333333333334,D,10.0,29.673199665832726,30.069664840698245
incois/5907082/profiles/D5907082_029.nc,0,2024-06-24,2024-06-24,0,14.85,80.63333333333334,D,20.0,29.38514275050367,29.750225448608404
incois/5907082/profiles/D5907082_029.nc,0,2024-06-24,2024-06-24,0,14.85,80.63333333333334,D,30.0,28.597894875956957,29.212192484537766
incois/5907082/profiles/D5907082_029.nc,0,2024-06-24,2024-06-24,0,14.85,80.63333333333334,D,50.0,26.028264721570068,27.851987864176436
incois/5907082/profiles/D5907082_029.nc,0,2024-06-24,2024-06-24,0,14.85,80.63333333333334,D,75.0,22.491353838589195,25.102050628662113
incois/5907082/profiles/D5907082_029.nc,0,2024-06-24,2024-06-24,0,14.85,80.63333333333334,D,100.0,20.033612606091474,21.39586659749349
incois/5907082/profiles/D5907082_029.nc,0,2024-06-24,2024-06-24,0,14.85,80.63333333333334,D,125.0,18.582000732421875,18.45611551920573
incois/5907082/profiles/D5907082_029.nc,0,2024-06-24,2024-06-24,0,14.85,80.63333333333334,D,150.0,17.404969134032754,16.504698079427087
incois/5907082/profiles/D5907082_029.nc,0,2024-06-24,2024-06-24,0,14.85,80.63333333333334,D,200.0,14.166455858034363,13.568818410237636
incois/5907082/profiles/D5907082_029.nc,0,2024-06-24,2024-06-24,0,14.85,80.63333333333334,D,300.0,11.878628057556966,11.406884765625005
incois/5907082/profiles/D5907082_029.nc,0,2024-06-24,2024-06-24,0,14.85,80.63333333333334,D,500.0,10.128556675623532,9.000056406656906
incois/5907082/profiles/D5907082_029.nc,0,2024-06-24,2024-06-24,0,14.85,80.63333333333334,D,700.0,8.739384397217073,7.656247482299809
incois/5907082/profiles/D5907082_029.nc,0,2024-06-24,2024-06-24,0,14.85,80.63333333333334,D,1000.0,7.008321227068622,6.019930928548181
incois/5907083/profiles/D5907083_028.nc,0,2024-06-15,2024-06-15,0,14.75,84.48333333333333,D,5.0,30.187090787808625,29.99067497253418
incois/5907083/profiles/D5907083_028.nc,0,2024-06-15,2024-06-15,0,14.75,84.48333333333333,D,10.0,30.155112053082313,29.90142110188802
incois/5907083/profiles/D5907083_028.nc,0,2024-06-15,2024-06-15,0,14.75,84.48333333333333,D,20.0,29.97993232256192,29.705238978068035
incois/5907083/profiles/D5907083_028.nc,0,2024-06-15,2024-06-15,0,14.75,84.48333333333333,D,30.0,29.34163891699559,29.43988978068034
incois/5907083/profiles/D5907083_028.nc,0,2024-06-15,2024-06-15,0,14.75,84.48333333333333,D,50.0,27.530139972839244,28.374639383951827
incois/5907083/profiles/D5907083_028.nc,0,2024-06-15,2024-06-15,0,14.75,84.48333333333333,D,75.0,22.46421860285113,25.758268737792978
incois/5907083/profiles/D5907083_028.nc,0,2024-06-15,2024-06-15,0,14.75,84.48333333333333,D,100.0,19.317959931030053,22.25472691853842
incois/5907083/profiles/D5907083_028.nc,0,2024-06-15,2024-06-15,0,14.75,84.48333333333333,D,125.0,17.14533243742439,19.24684219360352
incois/5907083/profiles/D5907083_028.nc,0,2024-06-15,2024-06-15,0,14.75,84.48333333333333,D,150.0,15.441000239428337,17.12253456115723
incois/5907083/profiles/D5907083_028.nc,0,2024-06-15,2024-06-15,0,14.75,84.48333333333333,D,200.0,13.764081157077785,14.049133936564129
incois/5907083/profiles/D5907083_028.nc,0,2024-06-15,2024-06-15,0,14.75,84.48333333333333,D,300.0,11.803285562164918,11.90529899597168
incois/5907083/profiles/D5907083_028.nc,0,2024-06-15,2024-06-15,0,14.75,84.48333333333333,D,500.0,9.817984082560843,9.519093068440757
incois/5907083/profiles/D5907083_028.nc,0,2024-06-15,2024-06-15,0,14.75,84.48333333333333,D,700.0,8.343257894089362,8.184976323445639
incois/5907083/profiles/D5907083_028.nc,0,2024-06-15,2024-06-15,0,14.75,84.48333333333333,D,1000.0,6.553217687929137,6.556798044840495
incois/5907083/profiles/D5907083_029.nc,0,2024-06-25,2024-06-25,0,15.066666666666666,84.35,D,5.0,29.667200471687465,29.927759068806964
incois/5907083/profiles/D5907083_029.nc,0,2024-06-25,2024-06-25,0,15.066666666666666,84.35,D,10.0,29.57733407719934,29.837600428263343
incois/5907083/profiles/D5907083_029.nc,0,2024-06-25,2024-06-25,0,15.066666666666666,84.35,D,20.0,28.879632277456942,29.60703417460123
incois/5907083/profiles/D5907083_029.nc,0,2024-06-25,2024-06-25,0,15.066666666666666,84.35,D,30.0,27.956469681679046,29.25791343688964
incois/5907083/profiles/D5907083_029.nc,0,2024-06-25,2024-06-25,0,15.066666666666666,84.35,D,50.0,25.149681034010413,27.770828603108704
incois/5907083/profiles/D5907083_029.nc,0,2024-06-25,2024-06-25,0,15.066666666666666,84.35,D,75.0,21.236293778380993,24.59020289103186
incois/5907083/profiles/D5907083_029.nc,0,2024-06-25,2024-06-25,0,15.066666666666666,84.35,D,100.0,18.505346157355277,21.079173583984335
incois/5907083/profiles/D5907083_029.nc,0,2024-06-25,2024-06-25,0,15.066666666666666,84.35,D,125.0,16.433000564575195,18.44607060750323
incois/5907083/profiles/D5907083_029.nc,0,2024-06-25,2024-06-25,0,15.066666666666666,84.35,D,150.0,15.150040227448057,16.497672780354797
incois/5907083/profiles/D5907083_029.nc,0,2024-06-25,2024-06-25,0,15.066666666666666,84.35,D,200.0,13.30291526448134,13.841960856119787
incois/5907083/profiles/D5907083_029.nc,0,2024-06-25,2024-06-25,0,15.066666666666666,84.35,D,300.0,11.413124565951819,11.69527356465657
incois/5907083/profiles/D5907083_029.nc,0,2024-06-25,2024-06-25,0,15.066666666666666,84.35,D,500.0,9.80139145448128,9.306308975219721
incois/5907083/profiles/D5907083_029.nc,0,2024-06-25,2024-06-25,0,15.066666666666666,84.35,D,700.0,8.290286005023404,7.971883316040033
incois/5907083/profiles/D5907083_029.nc,0,2024-06-25,2024-06-25,0,15.066666666666666,84.35,D,1000.0,6.527463362562633,6.342754898071284
incois/7901125/profiles/D7901125_028.nc,0,2024-06-16,2024-06-16,0,15.266666666666667,89.91666666666667,D,5.0,29.67955589341525,29.44325336880152
incois/7901125/profiles/D7901125_028.nc,0,2024-06-16,2024-06-16,0,15.266666666666667,89.91666666666667,D,10.0,29.658000946044922,29.37195493910046
incois/7901125/profiles/D7901125_028.nc,0,2024-06-16,2024-06-16,0,15.266666666666667,89.91666666666667,D,20.0,29.63730090923309,29.229359859890394
incois/7901125/profiles/D7901125_028.nc,0,2024-06-16,2024-06-16,0,15.266666666666667,89.91666666666667,D,30.0,29.56418450189898,29.0867654164632
incois/7901125/profiles/D7901125_028.nc,0,2024-06-16,2024-06-16,0,15.266666666666667,89.91666666666667,D,50.0,28.832551001708026,28.74170252482095
incois/7901125/profiles/D7901125_028.nc,0,2024-06-16,2024-06-16,0,15.266666666666667,89.91666666666667,D,75.0,24.652999877929688,27.279569159613704
incois/7901125/profiles/D7901125_028.nc,0,2024-06-16,2024-06-16,0,15.266666666666667,89.91666666666667,D,100.0,21.123989740907472,24.411013031005865
incois/7901125/profiles/D7901125_028.nc,0,2024-06-16,2024-06-16,0,15.266666666666667,89.91666666666667,D,125.0,17.794771075148933,21.422383032904754
incois/7901125/profiles/D7901125_028.nc,0,2024-06-16,2024-06-16,0,15.266666666666667,89.91666666666667,D,150.0,15.57063525858852,18.701304499308286
incois/7901125/profiles/D7901125_028.nc,0,2024-06-16,2024-06-16,0,15.266666666666667,89.91666666666667,D,200.0,13.279318250409286,15.091044150458451
incois/7901125/profiles/D7901125_028.nc,0,2024-06-16,2024-06-16,0,15.266666666666667,89.91666666666667,D,300.0,11.737763060051911,12.866677474975596
incois/7901125/profiles/D7901125_028.nc,0,2024-06-16,2024-06-16,0,15.266666666666667,89.91666666666667,D,500.0,10.147367808673959,10.649175092909086
incois/7901125/profiles/D7901125_028.nc,0,2024-06-16,2024-06-16,0,15.266666666666667,89.91666666666667,D,700.0,8.744400100708008,9.39861136542428
incois/7901125/profiles/D7901125_028.nc,0,2024-06-16,2024-06-16,0,15.266666666666667,89.91666666666667,D,1000.0,7.175867626914411,7.875508202446852
incois/7901125/profiles/D7901125_029.nc,0,2024-06-26,2024-06-26,0,15.316666666666666,89.66666666666667,D,5.0,29.21484624433804,29.874775653415256
incois/7901125/profiles/D7901125_029.nc,0,2024-06-26,2024-06-26,0,15.316666666666666,89.66666666666667,D,10.0,29.20933246665527,29.7912602742513
incois/7901125/profiles/D7901125_029.nc,0,2024-06-26,2024-06-26,0,15.316666666666666,89.66666666666667,D,20.0,29.25219636227275,29.62423095703125
incois/7901125/profiles/D7901125_029.nc,0,2024-06-26,2024-06-26,0,15.316666666666666,89.66666666666667,D,30.0,29.317534034916502,29.457199054294165
incois/7901125/profiles/D7901125_029.nc,0,2024-06-26,2024-06-26,0,15.316666666666666,89.66666666666667,D,50.0,28.019396136504227,29.1208740234375
incois/7901125/profiles/D7901125_029.nc,0,2024-06-26,2024-06-26,0,15.316666666666666,89.66666666666667,D,75.0,23.42208148673493,28.08399047851563
incois/7901125/profiles/D7901125_029.nc,0,2024-06-26,2024-06-26,0,15.316666666666666,89.66666666666667,D,100.0,19.018882083782827,24.827513631184907
incois/7901125/profiles/D7901125_029.nc,0,2024-06-26,2024-06-26,0,15.316666666666666,89.66666666666667,D,125.0,18.242545407718325,21.26498455471464
incois/7901125/profiles/D7901125_029.nc,0,2024-06-26,2024-06-26,0,15.316666666666666,89.66666666666667,D,150.0,16.26488018981909,18.505315441555453
incois/7901125/profiles/D7901125_029.nc,0,2024-06-26,2024-06-26,0,15.316666666666666,89.66666666666667,D,200.0,13.373005681849984,15.032398668924973
incois/7901125/profiles/D7901125_029.nc,0,2024-06-26,2024-06-26,0,15.316666666666666,89.66666666666667,D,300.0,11.732830707209231,12.73108096652561
incois/7901125/profiles/D7901125_029.nc,0,2024-06-26,2024-06-26,0,15.316666666666666,89.66666666666667,D,500.0,10.133310725419358,10.398783450656468
incois/7901125/profiles/D7901125_029.nc,0,2024-06-26,2024-06-26,0,15.316666666666666,89.66666666666667,D,700.0,8.73836006454425,9.085117340087892
incois/7901125/profiles/D7901125_029.nc,0,2024-06-26,2024-06-26,0,15.316666666666666,89.66666666666667,D,1000.0,7.018916144012474,7.4848694271511516
incois/7901126/profiles/D7901126_027.nc,0,2024-06-07,2024-06-10,3,11.95,88.1,D,5.0,30.23989982614512,29.761180496215818
incois/7901126/profiles/D7901126_027.nc,0,2024-06-07,2024-06-10,3,11.95,88.1,D,10.0,30.240999221801758,29.67296234130859
incois/7901126/profiles/D7901126_027.nc,0,2024-06-07,2024-06-10,3,11.95,88.1,D,20.0,30.214538427690066,29.496524810791016
incois/7901126/profiles/D7901126_027.nc,0,2024-06-07,2024-06-10,3,11.95,88.1,D,30.0,30.179375730579103,29.320084381103513
incois/7901126/profiles/D7901126_027.nc,0,2024-06-07,2024-06-10,3,11.95,88.1,D,50.0,29.474909331056363,28.8066429901123
incois/7901126/profiles/D7901126_027.nc,0,2024-06-07,2024-06-10,3,11.95,88.1,D,75.0,25.397213330854495,27.184736709594723
incois/7901126/profiles/D7901126_027.nc,0,2024-06-07,2024-06-10,3,11.95,88.1,D,100.0,20.20766613355661,23.899107818603518
incois/7901126/profiles/D7901126_027.nc,0,2024-06-07,2024-06-10,3,11.95,88.1,D,125.0,17.99990892415533,20.30935760498047
incois/7901126/profiles/D7901126_027.nc,0,2024-06-07,2024-06-10,3,11.95,88.1,D,150.0,16.752147406828055,17.600308837890623
incois/7901126/profiles/D7901126_027.nc,0,2024-06-07,2024-06-10,3,11.95,88.1,D,200.0,14.30853065247211,14.095442581176755
incois/7901126/profiles/D7901126_027.nc,0,2024-06-07,2024-06-10,3,11.95,88.1,D,300.0,11.809369381792152,11.767360839843747
incois/7901126/profiles/D7901126_027.nc,0,2024-06-07,2024-06-10,3,11.95,88.1,D,500.0,9.937366656058304,9.397327957153317
incois/7901126/profiles/D7901126_027.nc,0,2024-06-07,2024-06-10,3,11.95,88.1,D,700.0,8.521527659720174,8.069048995971677
incois/7901126/profiles/D7901126_027.nc,0,2024-06-07,2024-06-10,3,11.95,88.1,D,1000.0,6.763599948883057,6.45120681762695
incois/7901126/profiles/D7901126_028.nc,0,2024-06-17,2024-06-17,0,12.7,88.03333333333333,D,5.0,29.96063631219296,29.84031827290853
incois/7901126/profiles/D7901126_028.nc,0,2024-06-17,2024-06-17,0,12.7,88.03333333333333,D,10.0,29.957035800834642,29.751751988728845
incois/7901126/profiles/D7901126_028.nc,0,2024-06-17,2024-06-17,0,12.7,88.03333333333333,D,20.0,29.959323826859144,29.574616724650067
incois/7901126/profiles/D7901126_028.nc,0,2024-06-17,2024-06-17,0,12.7,88.03333333333333,D,30.0,29.954729636626112,29.3974826558431
incois/7901126/profiles/D7901126_028.nc,0,2024-06-17,2024-06-17,0,12.7,88.03333333333333,D,50.0,29.555249591370423,29.02147674560547
incois/7901126/profiles/D7901126_028.nc,0,2024-06-17,2024-06-17,0,12.7,88.03333333333333,D,75.0,26.407090639967237,27.598899536132812
incois/7901126/profiles/D7901126_028.nc,0,2024-06-17,2024-06-17,0,12.7,88.03333333333333,D,100.0,21.645217559091975,25.01159563700358
incois/7901126/profiles/D7901126_028.nc,0,2024-06-17,2024-06-17,0,12.7,88.03333333333333,D,125.0,18.56739941740497,21.41299377441407
incois/7901126/profiles/D7901126_028.nc,0,2024-06-17,2024-06-17,0,12.7,88.03333333333333,D,150.0,16.533364736088757,18.356198705037436
incois/7901126/profiles/D7901126_028.nc,0,2024-06-17,2024-06-17,0,12.7,88.03333333333333,D,200.0,13.542755830805076,14.33571085611979
incois/7901126/profiles/D7901126_028.nc,0,2024-06-17,2024-06-17,0,12.7,88.03333333333333,D,300.0,11.68744754107669,11.714292271931967
incois/7901126/profiles/D7901126_028.nc,0,2024-06-17,2024-06-17,0,12.7,88.03333333333333,D,500.0,10.012064573504116,9.333389943440755
incois/7901126/profiles/D7901126_028.nc,0,2024-06-17,2024-06-17,0,12.7,88.03333333333333,D,700.0,8.562730057438403,7.99995943705241
incois/7901126/profiles/D7901126_028.nc,0,2024-06-17,2024-06-17,0,12.7,88.03333333333333,D,1000.0,6.876995877704573,6.376455815633138
incois/7901126/profiles/D7901126_029.nc,0,2024-06-27,2024-06-27,0,13.666666666666666,88.25,D,5.0,29.6372722279731,29.52590878804525
incois/7901126/profiles/D7901126_029.nc,0,2024-06-27,2024-06-27,0,13.666666666666666,88.25,D,10.0,29.638944378399536,29.437905629475914
incois/7901126/profiles/D7901126_029.nc,0,2024-06-27,2024-06-27,0,13.666666666666666,88.25,D,20.0,29.64844105263207,29.261903127034508
incois/7901126/profiles/D7901126_029.nc,0,2024-06-27,2024-06-27,0,13.666666666666666,88.25,D,30.0,29.68215819922088,29.085899353027344
incois/7901126/profiles/D7901126_029.nc,0,2024-06-27,2024-06-27,0,13.666666666666666,88.25,D,50.0,29.429967046124307,28.724578857421875
incois/7901126/profiles/D7901126_029.nc,0,2024-06-27,2024-06-27,0,13.666666666666666,88.25,D,75.0,25.482206756765585,27.282918294270836
incois/7901126/profiles/D7901126_029.nc,0,2024-06-27,2024-06-27,0,13.666666666666666,88.25,D,100.0,21.12919991760282,24.355565388997398
incois/7901126/profiles/D7901126_029.nc,0,2024-06-27,2024-06-27,0,13.666666666666666,88.25,D,125.0,18.04794042712675,20.89460881551107
incois/7901126/profiles/D7901126_029.nc,0,2024-06-27,2024-06-27,0,13.666666666666666,88.25,D,150.0,16.04146170971657,18.034042358398438
incois/7901126/profiles/D7901126_029.nc,0,2024-06-27,2024-06-27,0,13.666666666666666,88.25,D,200.0,13.212418562320108,14.44152005513509
incois/7901126/profiles/D7901126_029.nc,0,2024-06-27,2024-06-27,0,13.666666666666666,88.25,D,300.0,11.64144950804181,12.070232391357422
incois/7901126/profiles/D7901126_029.nc,0,2024-06-27,2024-06-27,0,13.666666666666666,88.25,D,500.0,10.008184047485702,9.71312967936198
incois/7901126/profiles/D7901126_029.nc,0,2024-06-27,2024-06-27,0,13.666666666666666,88.25,D,700.0,8.690222810024855,8.391016642252604
incois/7901126/profiles/D7901126_029.nc,0,2024-06-27,2024-06-27,0,13.666666666666666,88.25,D,1000.0,7.007999897003174,6.780728022257486
incois/7901127/profiles/D7901127_027.nc,0,2024-06-08,2024-06-10,2,10.5,89.75,D,5.0,29.868999481201172,30.006502151489258
incois/7901127/profiles/D7901127_027.nc,0,2024-06-08,2024-06-10,2,10.5,89.75,D,10.0,29.869104753363928,29.923694610595703
incois/7901127/profiles/D7901127_027.nc,0,2024-06-08,2024-06-10,2,10.5,89.75,D,20.0,29.896749877929686,29.753854751586914
incois/7901127/profiles/D7901127_027.nc,0,2024-06-08,2024-06-10,2,10.5,89.75,D,30.0,29.954794040171755,29.516124725341797
incois/7901127/profiles/D7901127_027.nc,0,2024-06-08,2024-06-10,2,10.5,89.75,D,50.0,28.017757446591624,28.538040161132812
incois/7901127/profiles/D7901127_027.nc,0,2024-06-08,2024-06-10,2,10.5,89.75,D,75.0,22.97027704180014,25.344568252563477
incois/7901127/profiles/D7901127_027.nc,0,2024-06-08,2024-06-10,2,10.5,89.75,D,100.0,20.20253969894402,21.63782501220703
incois/7901127/profiles/D7901127_027.nc,0,2024-06-08,2024-06-10,2,10.5,89.75,D,125.0,17.901485066105746,18.671234130859375
incois/7901127/profiles/D7901127_027.nc,0,2024-06-08,2024-06-10,2,10.5,89.75,D,150.0,15.73786714085145,16.641098022460938
incois/7901127/profiles/D7901127_027.nc,0,2024-06-08,2024-06-10,2,10.5,89.75,D,200.0,13.850022961695315,13.574958801269531
incois/7901127/profiles/D7901127_027.nc,0,2024-06-08,2024-06-10,2,10.5,89.75,D,300.0,11.835728214331494,11.426523208618164
incois/7901127/profiles/D7901127_027.nc,0,2024-06-08,2024-06-10,2,10.5,89.75,D,500.0,10.03585782310483,9.030950546264648
incois/7901127/profiles/D7901127_027.nc,0,2024-06-08,2024-06-10,2,10.5,89.75,D,700.0,8.596819385278145,7.686000823974609
incois/7901127/profiles/D7901127_027.nc,0,2024-06-08,2024-06-10,2,10.5,89.75,D,1000.0,6.565803815280863,6.04771614074707
incois/7901127/profiles/D7901127_028.nc,0,2024-06-18,2024-06-18,0,10.416666666666666,89.95,D,0.0,29.7450008392334,29.627533086140943
incois/7901127/profiles/D7901127_028.nc,0,2024-06-18,2024-06-18,0,10.416666666666666,89.95,D,5.0,29.749000549316406,29.555275599161778
incois/7901127/profiles/D7901127_028.nc,0,2024-06-18,2024-06-18,0,10.416666666666666,89.95,D,10.0,29.75200080871582,29.48249791463215
incois/7901127/profiles/D7901127_028.nc,0,2024-06-18,2024-06-18,0,10.416666666666666,89.95,D,20.0,29.75296106528794,29.328773880004874
incois/7901127/profiles/D7901127_028.nc,0,2024-06-18,2024-06-18,0,10.416666666666666,89.95,D,30.0,29.741181325325734,29.1314291636149
incois/7901127/profiles/D7901127_028.nc,0,2024-06-18,2024-06-18,0,10.416666666666666,89.95,D,50.0,29.668339390929642,28.22405357360839
incois/7901127/profiles/D7901127_028.nc,0,2024-06-18,2024-06-18,0,10.416666666666666,89.95,D,75.0,25.342970432714456,25.900638453165683
incois/7901127/profiles/D7901127_028.nc,0,2024-06-18,2024-06-18,0,10.416666666666666,89.95,D,100.0,22.378866076369636,23.04102897644044
incois/7901127/profiles/D7901127_028.nc,0,2024-06-18,2024-06-18,0,10.416666666666666,89.95,D,125.0,20.15240704645283,20.217384084065767
incois/7901127/profiles/D7901127_028.nc,0,2024-06-18,2024-06-18,0,10.416666666666666,89.95,D,150.0,18.399922625129953,17.679777145385753
incois/7901127/profiles/D7901127_028.nc,0,2024-06-18,2024-06-18,0,10.416666666666666,89.95,D,200.0,15.125223597088787,14.433784103393565
incois/7901127/profiles/D7901127_028.nc,0,2024-06-18,2024-06-18,0,10.416666666666666,89.95,D,300.0,12.171655907959211,12.256422170003267
incois/7901127/profiles/D7901127_028.nc,0,2024-06-18,2024-06-18,0,10.416666666666666,89.95,D,500.0,10.108742690050981,10.054744338989272
incois/7901127/profiles/D7901127_028.nc,0,2024-06-18,2024-06-18,0,10.416666666666666,89.95,D,700.0,8.842063006783569,8.818152999877945
incois/7901127/profiles/D7901127_028.nc,0,2024-06-18,2024-06-18,0,10.416666666666666,89.95,D,1000.0,6.927158650972262,7.3123292287190935
